branch,current,voltage
1,0.000258,5
2,0.0001273,5
3,0.0000641,5
4,0.0000324,5
1,0.000455,10
2,0.00023,10
3,0.0001135,10
4,0.0000571,10
